{"n_a": 62, "n_d": 52, "n_steps": 1, "gamma": 3.46584351291519, "lambda_sparse": 0.005076522329965729, "momentum": 0.23905030399327853, "n_shared": 3, "n_independent": 3, "loss_function": "VSLossMDR", "solution": [62.0, 52.0, 2.0, 3.46584351291519, 0.005076522329965729, 0.23905030399327853, 3.0, 3.0, 4.909845952230726, 0.7244743604561155, 2.447263801387815, 72.25761195347513, 4.246211821491695]}