{"n_a": 21, "n_d": 42, "n_steps": 1, "gamma": 1.0972638657258154, "lambda_sparse": 0.009746508595895048, "momentum": 0.19615879114292328, "n_shared": 4, "n_independent": 4, "loss_function": "LDAMLossMDR", "solution": [21.0, 42.0, 3.0, 1.0972638657258154, 0.009746508595895048, 0.19615879114292328, 4.0, 4.0, 19.180879937428156, 3.967182909436808, 10.292247147901223, 86.0, 10.062658045245382]}