{"n_a": 59, "n_d": 29, "n_steps": 1, "gamma": 1.5450022603679114, "lambda_sparse": 0.0012880272212071919, "momentum": 0.059395773636848136, "n_shared": 2, "n_independent": 4, "loss_function": "BinaryVsLoss", "solution": [59.0, 29.0, 2.0, 1.5450022603679114, 0.0012880272212071919, 0.059395773636848136, 2.0, 4.0, 4.4290970391251925, -1.6360627659709062, 4.367299887367345, -4.240064936841682, 1.7053317552512925, 3.78143748907106]}