{"n_a": 59, "n_d": 19, "n_steps": 1, "gamma": 1.0938360868846178, "lambda_sparse": 0.004318611472627607, "momentum": 0.10199196402692202, "n_shared": 3, "n_independent": 4, "loss_function": "VSLoss", "solution": [59.0, 19.0, 2.0, 1.0938360868846178, 0.004318611472627607, 0.10199196402692202, 3.0, 4.0, 0.4649531991156608, 0.9328502944301792, 1.6470832868722147, 329.1997976885209]}