{"n_a": 52, "n_d": 32, "n_steps": 1, "gamma": 1.440207698110707, "lambda_sparse": 0.002356558109165223, "momentum": 0.4441278170357511, "n_shared": 2, "n_independent": 2, "loss_function": "LDAMLoss", "solution": [52.0, 32.0, 3.0, 1.440207698110707, 0.002356558109165223, 0.4441278170357511, 2.0, 2.0, 12.022300234864176, 3.540362888980227, 10.292247147901223, 18.0]}