{"n_a": 32, "n_d": 55, "n_steps": 1, "gamma": 1.1934508441951235, "lambda_sparse": 0.009648146755967174, "momentum": 0.40709297435160297, "n_shared": 4, "n_independent": 3, "loss_function": "BinaryVsLossMDR", "solution": [32.0, 55.0, 2.0, 1.1934508441951235, 0.009648146755967174, 0.40709297435160297, 4.0, 3.0, 4.916730528316782, 4.5486528066319405, 2.3789691669576847, 4.800325752854771, 4.162213204002109, 20.06942954268326, 2.530417328228785]}