{"n_a": 44, "n_d": 34, "n_steps": 2, "gamma": 4.6683071178792535, "lambda_sparse": 0.0004992685944099787, "momentum": 0.17747530321193988, "n_shared": 4, "n_independent": 2, "loss_function": "CROSSENTROPYLoss", "solution": [44.0, 34.0, 2.0, 4.6683071178792535, 0.0004992685944099787, 0.17747530321193988, 4.0, 2.0, 3.7711566167477435, 12.905953474743493]}