{"n_a": 35, "n_d": 29, "n_steps": 1, "gamma": 1.2451951777968944, "lambda_sparse": 0.004085853239567611, "momentum": 0.264258841809043, "n_shared": 4, "n_independent": 1, "loss_function": "CROSSENTROPYLoss", "solution": [35.0, 29.0, 1.0, 1.2451951777968944, 0.004085853239567611, 0.264258841809043, 4.0, 1.0, 3.430121119679455, 166.15495536997983]}