{"n_a": 24, "n_d": 63, "n_steps": 1, "gamma": 2.90760042587188, "lambda_sparse": 0.00986348637034807, "momentum": 0.07702179412730162, "n_shared": 4, "n_independent": 3, "loss_function": "BinaryVsLossMDR", "solution": [24.0, 63.0, 1.0, 2.90760042587188, 0.00986348637034807, 0.07702179412730162, 4.0, 3.0, 4.653027236303998, 2.5454287408468232, -4.495832263977908, 4.509285945025484, 0.356283638826293, 6.054237617443725, 1.6002480051530588]}