{"n_a": 49, "n_d": 17, "n_steps": 1, "gamma": 1.8343534709642029, "lambda_sparse": 0.003212124212655634, "momentum": 0.4117708460201152, "n_shared": 1, "n_independent": 4, "loss_function": "BinaryVsLoss", "solution": [49.0, 17.0, 3.0, 1.8343534709642029, 0.003212124212655634, 0.4117708460201152, 1.0, 4.0, 0.1385446420676768, 2.5555113854304867, -2.7120183450837754, 4.558244837207523, 1.8006820373575954, 12.570979138636362]}