{"n_a": 60, "n_d": 9, "n_steps": 1, "gamma": 1.6391422484542817, "lambda_sparse": 0.003113504090264767, "momentum": 0.11318250042854466, "n_shared": 3, "n_independent": 3, "loss_function": "VSLossMDR", "solution": [60.0, 9.0, 1.0, 1.6391422484542817, 0.003113504090264767, 0.11318250042854466, 3.0, 3.0, 4.017404651924243, 1.4101728628565324, 1.9151917520913093, 405.05669733959036, 0.7777004575024365]}