{"n_a": 13, "n_d": 43, "n_steps": 1, "gamma": 2.275902521175045, "lambda_sparse": 0.005279512368430338, "momentum": 0.5408956121226227, "n_shared": 2, "n_independent": 2, "loss_function": "LDAMLoss", "solution": [13.0, 43.0, 1.0, 2.275902521175045, 0.005279512368430338, 0.5408956121226227, 2.0, 2.0, 1.805795401088166, 4.17651247794619, 160.39003248586792, 16.0]}