{"n_a": 44, "n_d": 29, "n_steps": 1, "gamma": 3.048372233197124, "lambda_sparse": 0.007079670402794539, "momentum": 0.23905030399327853, "n_shared": 1, "n_independent": 3, "loss_function": "LDAMLossMDR", "solution": [44.0, 29.0, 1.0, 3.048372233197124, 0.007079670402794539, 0.23905030399327853, 1.0, 3.0, 5.293897928723002, 1.5003354145271997, 68.76047207299662, 60.0, 18.77486206608105]}