{"n_a": 52, "n_d": 8, "n_steps": 1, "gamma": 2.7341804926294384, "lambda_sparse": 0.005174504537649696, "momentum": 0.12746420919203444, "n_shared": 3, "n_independent": 3, "loss_function": "VSLoss", "solution": [52.0, 8.0, 1.0, 2.7341804926294384, 0.005174504537649696, 0.12746420919203444, 3.0, 3.0, 4.2483765370056235, 1.2464611457443748, 2.0898477179326354, 298.2372887719762]}