{"n_a": 32, "n_d": 39, "n_steps": 1, "gamma": 4.791453767996275, "lambda_sparse": 0.0005116317024812784, "momentum": 0.040793663322293026, "n_shared": 3, "n_independent": 3, "loss_function": "CROSSENTROPYLoss", "solution": [32.0, 39.0, 1.0, 4.791453767996275, 0.0005116317024812784, 0.040793663322293026, 3.0, 3.0, 1.1431258076246176, 364.10817430592977]}