{"n_a": 53, "n_d": 44, "n_steps": 4, "gamma": 3.042989210310263, "lambda_sparse": 0.0009316169737541942, "momentum": 0.4585437955811838, "n_shared": 1, "n_independent": 1, "loss_function": "BinaryVsLoss", "solution": [53.0, 44.0, 4.0, 3.042989210310263, 0.0009316169737541942, 0.4585437955811838, 1.0, 1.0, 4.7204209417662355, 2.8427981495456915, 1.8010969843327729, -1.40768859378277, 0.4683738391404624, 183.85790152971677]}