{"n_a": 43, "n_d": 17, "n_steps": 1, "gamma": 4.651032927786955, "lambda_sparse": 0.006898881630790899, "momentum": 0.2362291936308553, "n_shared": 1, "n_independent": 3, "loss_function": "BinaryVsLoss", "solution": [43.0, 17.0, 1.0, 4.651032927786955, 0.006898881630790899, 0.2362291936308553, 1.0, 3.0, 4.4290970391251925, 4.812575773912769, 0.1879062174336612, 3.5300945546736013, 1.4722444603479286, 71.84381259210637]}