{"n_a": 19, "n_d": 23, "n_steps": 1, "gamma": 2.244769777417506, "lambda_sparse": 0.0020105416785963833, "momentum": 0.18497688276591254, "n_shared": 2, "n_independent": 2, "loss_function": "VSLossMDR", "solution": [19.0, 23.0, 1.0, 2.244769777417506, 0.0020105416785963833, 0.18497688276591254, 2.0, 2.0, 0.21171139386191917, 1.131376254082999, 4.846512678095495, 2.5926571665835416, 4.8070830982102475]}