{"n_a": 35, "n_d": 16, "n_steps": 1, "gamma": 2.186142325150621, "lambda_sparse": 0.004547447594681567, "momentum": 0.48736501762967094, "n_shared": 4, "n_independent": 3, "loss_function": "LDAMLoss", "solution": [35.0, 16.0, 1.0, 2.186142325150621, 0.004547447594681567, 0.48736501762967094, 4.0, 3.0, 9.259778393373397, 3.6891741934917426, 400.2933495545414, 25.0]}