{"n_a": 36, "n_d": 34, "n_steps": 1, "gamma": 1.4276794575192855, "lambda_sparse": 0.0018774385967759686, "momentum": 0.6810875802734565, "n_shared": 1, "n_independent": 1, "loss_function": "VSLoss", "solution": [36.0, 34.0, 1.0, 1.4276794575192855, 0.0018774385967759686, 0.6810875802734565, 1.0, 1.0, 0.4649531991156608, 1.121346547302799, 4.517796518486409, 385.21890406248923]}