{"n_a": 16, "n_d": 46, "n_steps": 1, "gamma": 2.453290288344896, "lambda_sparse": 0.0031018735125140527, "momentum": 0.10199196402692202, "n_shared": 4, "n_independent": 1, "loss_function": "LDAMLoss", "solution": [16.0, 46.0, 1.0, 2.453290288344896, 0.0031018735125140527, 0.10199196402692202, 4.0, 1.0, 38.32575247662923, 4.7444276862666666, 314.471423389942, 63.0]}