{"n_a": 24, "n_d": 41, "n_steps": 1, "gamma": 2.995404094977097, "lambda_sparse": 0.0004111489382986691, "momentum": 0.574812730605904, "n_shared": 3, "n_independent": 3, "loss_function": "VSLoss", "solution": [24.0, 41.0, 1.0, 2.995404094977097, 0.0004111489382986691, 0.574812730605904, 3.0, 3.0, 4.537832369630465, 1.1336519146175532, 2.1372096042827997, 477.18468111411795]}