{"n_a": 36, "n_d": 16, "n_steps": 1, "gamma": 1.418217832604097, "lambda_sparse": 0.005756196749222094, "momentum": 0.7637341927728176, "n_shared": 2, "n_independent": 1, "loss_function": "LDAMLossMDR", "solution": [36.0, 16.0, 1.0, 1.418217832604097, 0.005756196749222094, 0.7637341927728176, 2.0, 1.0, 2.260913426808471, 0.15714592843367126, 4.046805777392568, 31.0, 1.006265804524538]}