{"n_a": 19, "n_d": 41, "n_steps": 1, "gamma": 4.29920716573667, "lambda_sparse": 0.009589919048284153, "momentum": 0.7809231427754024, "n_shared": 2, "n_independent": 1, "loss_function": "BinaryVsLossMDR", "solution": [19.0, 41.0, 1.0, 4.29920716573667, 0.009589919048284153, 0.7809231427754024, 2.0, 1.0, -0.9353728204792775, 2.566465493523989, 4.769655461266225, -4.215436186577341, 0.12675371707728755, 3.4746334822005114, 2.759141121117925]}