{"n_a": 48, "n_d": 11, "n_steps": 1, "gamma": 4.157369806387704, "lambda_sparse": 0.0011362921083017802, "momentum": 0.1291820745343845, "n_shared": 4, "n_independent": 1, "loss_function": "VSLossMDR", "solution": [48.0, 11.0, 1.0, 4.157369806387704, 0.0011362921083017802, 0.1291820745343845, 4.0, 1.0, 4.662479372568698, 1.131376254082999, 3.086463272580309, 3.726005455589247, 1.4735158830828299]}