{"n_a": 42, "n_d": 44, "n_steps": 5, "gamma": 2.2660071170504814, "lambda_sparse": 0.005618309146710454, "momentum": 0.23905030399327853, "n_shared": 1, "n_independent": 1, "loss_function": "LDAMLossMDR", "solution": [42.0, 44.0, 5.0, 2.2660071170504814, 0.005618309146710454, 0.23905030399327853, 1.0, 1.0, 2.416771515294495, 0.019085670621735717, 4.052766653909164, 17.0, 3.0010127354629033]}