{"n_a": 22, "n_d": 12, "n_steps": 1, "gamma": 3.363664371308907, "lambda_sparse": 0.00885037350866023, "momentum": 0.7749001602597775, "n_shared": 3, "n_independent": 1, "loss_function": "BinaryVsLossMDR", "solution": [22.0, 12.0, 1.0, 3.363664371308907, 0.00885037350866023, 0.7749001602597775, 3.0, 1.0, 1.7715995792232073, 3.181041683217483, 4.756102008599148, 3.8053052565282925, 0.12675371707728755, 4.813242073389626, 2.349021607243408]}