{"n_a": 57, "n_d": 26, "n_steps": 1, "gamma": 1.5642391979691883, "lambda_sparse": 0.008376203193070838, "momentum": 0.6096141731923256, "n_shared": 2, "n_independent": 2, "loss_function": "CROSSENTROPYLoss", "solution": [57.0, 26.0, 1.0, 1.5642391979691883, 0.008376203193070838, 0.6096141731923256, 2.0, 2.0, 0.3727532183988541, 280.339147469475]}