{"n_a": 52, "n_d": 56, "n_steps": 1, "gamma": 2.747111532085031, "lambda_sparse": 0.0004111489382986691, "momentum": 0.6549324493995389, "n_shared": 2, "n_independent": 2, "loss_function": "VSLoss", "solution": [52.0, 56.0, 1.0, 2.747111532085031, 0.0004111489382986691, 0.6549324493995389, 2.0, 2.0, 1.6101610298774354, 1.121346547302799, 3.560896106737679, 281.3977676041256]}