{"n_a": 34, "n_d": 55, "n_steps": 1, "gamma": 1.0007461126826525, "lambda_sparse": 0.005095909150976606, "momentum": 0.19451821524420268, "n_shared": 3, "n_independent": 2, "loss_function": "LDAMLossMDR", "solution": [34.0, 55.0, 1.0, 1.0007461126826525, 0.005095909150976606, 0.19451821524420268, 3.0, 2.0, 2.712229030386034, 0.019085670621735717, 4.097190408966341, 42.0, 1.006265804524538]}