{"n_a": 46, "n_d": 17, "n_steps": 1, "gamma": 2.512403079149803, "lambda_sparse": 0.008762272880378764, "momentum": 0.7176013909275042, "n_shared": 1, "n_independent": 3, "loss_function": "BinaryVsLoss", "solution": [46.0, 17.0, 1.0, 2.512403079149803, 0.008762272880378764, 0.7176013909275042, 1.0, 3.0, 1.7602628805254747, 0.1259092526729635, 0.1879062174336612, -0.06204403635609257, 1.7053317552512925, 172.59607244063778]}