{"n_a": 24, "n_d": 13, "n_steps": 1, "gamma": 4.796318412731267, "lambda_sparse": 0.008243745550530616, "momentum": 0.46301593161739607, "n_shared": 2, "n_independent": 1, "loss_function": "LDAMLoss", "solution": [24.0, 13.0, 1.0, 4.796318412731267, 0.008243745550530616, 0.46301593161739607, 2.0, 1.0, 35.888027240811546, 2.8130074619928247, 451.7796518486409, 79.0]}