{"n_a": 55, "n_d": 63, "n_steps": 1, "gamma": 1.0735445686063891, "lambda_sparse": 0.002693099523997467, "momentum": 0.5953142043601365, "n_shared": 3, "n_independent": 2, "loss_function": "VSLossMDR", "solution": [55.0, 63.0, 1.0, 1.0735445686063891, 0.002693099523997467, 0.5953142043601365, 3.0, 2.0, 0.4233807762134495, 1.0470883541092713, 2.6854172779505174, 4.454277674915733, 3.6227033703049067]}