{"n_a": 14, "n_d": 41, "n_steps": 1, "gamma": 1.143720728743892, "lambda_sparse": 0.0026619218178401674, "momentum": 0.5333926046396458, "n_shared": 2, "n_independent": 3, "loss_function": "CROSSENTROPYLoss", "solution": [14.0, 41.0, 1.0, 1.143720728743892, 0.0026619218178401674, 0.5333926046396458, 2.0, 3.0, 0.7821852133554302, 93.15838825926676]}