{"n_a": 16, "n_d": 48, "n_steps": 1, "gamma": 3.9368733581154753, "lambda_sparse": 0.008775429693701261, "momentum": 0.7426194634746273, "n_shared": 1, "n_independent": 4, "loss_function": "BinaryVsLossMDR", "solution": [16.0, 48.0, 1.0, 3.9368733581154753, 0.008775429693701261, 0.7426194634746273, 1.0, 4.0, 3.0967503626588933, 1.449637707451962, 3.733108732577282, -1.59722537831143, 0.01005632172717874, 4.0773071422741705, 2.7119328009521935]}