{"n_a": 43, "n_d": 53, "n_steps": 7, "gamma": 4.659339799987512, "lambda_sparse": 0.008755642607957099, "momentum": 0.6410297450005565, "n_shared": 1, "n_independent": 4, "loss_function": "CROSSENTROPYLoss", "solution": [43.0, 53.0, 7.0, 4.659339799987512, 0.008755642607957099, 0.6410297450005565, 1.0, 4.0, 3.8126701888776737, 119.5900521079628]}