{"n_a": 14, "n_d": 29, "n_steps": 9, "gamma": 4.459850420460808, "lambda_sparse": 0.0025696362225029997, "momentum": 0.7605489539701359, "n_shared": 4, "n_independent": 3, "loss_function": "BinaryVsLoss", "solution": [14.0, 29.0, 9.0, 4.459850420460808, 0.0025696362225029997, 0.7605489539701359, 4.0, 3.0, 2.32700183870807, 0.357746840747585, -2.239248639305896, -4.439976910609999, 2.2912644524575834, 286.3352915955605]}