{"n_a": 9, "n_d": 53, "n_steps": 2, "gamma": 2.216968971838151, "lambda_sparse": 0.005295088673159155, "momentum": 0.40207984675431646, "n_shared": 3, "n_independent": 1, "loss_function": "VSLossMDR", "solution": [9.0, 53.0, 2.0, 2.216968971838151, 0.005295088673159155, 0.40207984675431646, 3.0, 1.0, 0.20073885014370185, 1.66228078574356, 0.16985660666475444, 465.2404097899335, 2.9467428825274222]}