{"n_a": 51, "n_d": 29, "n_steps": 7, "gamma": 2.186142325150621, "lambda_sparse": 0.0014138859650262977, "momentum": 0.4964235822216865, "n_shared": 3, "n_independent": 2, "loss_function": "LDAMLoss", "solution": [51.0, 29.0, 7.0, 2.186142325150621, 0.0014138859650262977, 0.4964235822216865, 3.0, 2.0, 1.4759312947079772, 2.2339183825410576, 76.1141069584334, 60.0]}