{"n_a": 22, "n_d": 61, "n_steps": 6, "gamma": 4.934940134703031, "lambda_sparse": 0.0005272831283107036, "momentum": 0.7169136068378427, "n_shared": 3, "n_independent": 4, "loss_function": "VSLoss", "solution": [22.0, 61.0, 6.0, 4.934940134703031, 0.0005272831283107036, 0.7169136068378427, 3.0, 4.0, 0.4649531991156608, 1.0791051374842158, 4.517796518486409, 477.18468111411795]}