{"n_a": 59, "n_d": 42, "n_steps": 1, "gamma": 2.244769777417506, "lambda_sparse": 0.008536262703220115, "momentum": 0.21399918247538657, "n_shared": 2, "n_independent": 4, "loss_function": "VSLossMDR", "solution": [59.0, 42.0, 1.0, 2.244769777417506, 0.008536262703220115, 0.21399918247538657, 2.0, 4.0, 0.701622590967575, 1.264274893812794, 1.1370474793068945, 2.5926571665835416, 2.439788198953744]}