{"n_a": 47, "n_d": 49, "n_steps": 1, "gamma": 2.79864665245169, "lambda_sparse": 0.005422053266709992, "momentum": 0.7653708902717338, "n_shared": 1, "n_independent": 4, "loss_function": "BinaryVsLossMDR", "solution": [47.0, 49.0, 1.0, 2.79864665245169, 0.005422053266709992, 0.7653708902717338, 1.0, 4.0, 3.7747201352705293, 2.612754563504125, 0.45427950211713064, 1.9827259353054654, 0.6670816776160354, 3.4746334822005114, 1.9047288133690354]}