{"n_a": 35, "n_d": 10, "n_steps": 3, "gamma": 3.010716092915446, "lambda_sparse": 0.0006096396373748947, "momentum": 0.23013070674692304, "n_shared": 2, "n_independent": 4, "loss_function": "LDAMLoss", "solution": [35.0, 10.0, 3.0, 3.010716092915446, 0.0006096396373748947, 0.23013070674692304, 2.0, 4.0, 5.175599632000338, 3.31261142176991, 155.85553804470547, 56.0]}