{"n_a": 14, "n_d": 34, "n_steps": 7, "gamma": 1.8224196761565334, "lambda_sparse": 0.0073445833408729575, "momentum": 0.687132352286463, "n_shared": 3, "n_independent": 3, "loss_function": "VSLoss", "solution": [14.0, 34.0, 7.0, 1.8224196761565334, 0.0073445833408729575, 0.687132352286463, 3.0, 3.0, 1.1338631265982286, 0.979914312095726, 1.2802224318806394, 150.63169892668128]}