{"n_a": 59, "n_d": 61, "n_steps": 1, "gamma": 1.776651476184329, "lambda_sparse": 0.0005272831283107036, "momentum": 0.18497688276591254, "n_shared": 3, "n_independent": 2, "loss_function": "LDAMLossMDR", "solution": [59.0, 61.0, 1.0, 1.776651476184329, 0.0005272831283107036, 0.18497688276591254, 3.0, 2.0, 1.197809453334862, 0.7244743604561155, 4.046805777392568, 15.0, 4.335361592900519]}