{"n_a": 54, "n_d": 25, "n_steps": 9, "gamma": 2.5568067149366525, "lambda_sparse": 0.00020729274965495376, "momentum": 0.5677550160545795, "n_shared": 1, "n_independent": 2, "loss_function": "LDAMLossMDR", "solution": [54.0, 25.0, 9.0, 2.5568067149366525, 0.00020729274965495376, 0.5677550160545795, 1.0, 2.0, 19.0012393410161, 4.7530357346877805, 286.71894406164307, 66.0, 14.996469873653313]}