{"n_a": 29, "n_d": 25, "n_steps": 5, "gamma": 3.396474739280433, "lambda_sparse": 0.0026331381540409065, "momentum": 0.7426194634746273, "n_shared": 2, "n_independent": 4, "loss_function": "BinaryVsLossMDR", "solution": [29.0, 25.0, 5.0, 3.396474739280433, 0.0026331381540409065, 0.7426194634746273, 2.0, 4.0, 4.3735329421586435, 3.1749825652566663, -4.7941550570419755, -2.3195281262136227, 0.9328502944301792, 20.06942954268326, 4.61865697938388]}