{"n_a": 31, "n_d": 56, "n_steps": 1, "gamma": 4.160221222950204, "lambda_sparse": 0.008762272880378764, "momentum": 0.021122933993483632, "n_shared": 1, "n_independent": 2, "loss_function": "BinaryVsLoss", "solution": [31.0, 56.0, 1.0, 4.160221222950204, 0.008762272880378764, 0.021122933993483632, 1.0, 2.0, 1.0857159317397427, 4.680209612276284, 3.4319914162368512, 1.1694402738450194, 1.8029248829412337, 11.635967867912933]}