{"n_a": 28, "n_d": 21, "n_steps": 7, "gamma": 1.3242996645891951, "lambda_sparse": 0.003164465719434672, "momentum": 0.7443280239557825, "n_shared": 4, "n_independent": 3, "loss_function": "BinaryVsLossMDR", "solution": [28.0, 21.0, 7.0, 1.3242996645891951, 0.003164465719434672, 0.7443280239557825, 4.0, 3.0, -0.608693391951495, 1.7094300474250792, -0.4434324721428702, -2.401867912549658, 1.6036226222997878, 457.11568817208126, 4.123716186735038]}