{"n_a": 9, "n_d": 47, "n_steps": 5, "gamma": 1.391336642604006, "lambda_sparse": 0.004966997163656641, "momentum": 0.3594121063063969, "n_shared": 2, "n_independent": 4, "loss_function": "BinaryVsLoss", "solution": [9.0, 47.0, 5.0, 1.391336642604006, 0.004966997163656641, 0.3594121063063969, 2.0, 4.0, -4.561000573569949, 1.1585009805221649, -4.7941550570419755, -3.726305265521189, 1.9314385257277262, 176.7365960303603]}