{"n_a": 14, "n_d": 56, "n_steps": 8, "gamma": 3.245108790277985, "lambda_sparse": 0.002899182326829744, "momentum": 0.5952072080258215, "n_shared": 4, "n_independent": 2, "loss_function": "CROSSENTROPYLoss", "solution": [14.0, 56.0, 8.0, 3.245108790277985, 0.002899182326829744, 0.5952072080258215, 4.0, 2.0, 4.025451592478314, 329.1997976885209]}