{"n_a": 54, "n_d": 44, "n_steps": 5, "gamma": 3.953935888744423, "lambda_sparse": 0.0042406060592771275, "momentum": 0.28209815651157877, "n_shared": 1, "n_independent": 2, "loss_function": "LDAMLossMDR", "solution": [54.0, 44.0, 5.0, 3.953935888744423, 0.0042406060592771275, 0.28209815651157877, 1.0, 2.0, 1.805795401088166, 4.825076847272359, 148.607056922548, 67.0, 10.062658045245382]}