{"n_a": 47, "n_d": 50, "n_steps": 1, "gamma": 2.563503396143314, "lambda_sparse": 0.007744309797593901, "momentum": 0.09160183936658807, "n_shared": 1, "n_independent": 3, "loss_function": "CROSSENTROPYLoss", "solution": [47.0, 50.0, 1.0, 2.563503396143314, 0.007744309797593901, 0.09160183936658807, 1.0, 3.0, 2.9822312444942236, 23.22520635999886]}