{"n_a": 30, "n_d": 51, "n_steps": 1, "gamma": 1.4315657079732178, "lambda_sparse": 0.0004111489382986691, "momentum": 0.6039177240201326, "n_shared": 3, "n_independent": 2, "loss_function": "LDAMLoss", "solution": [30.0, 51.0, 1.0, 1.4315657079732178, 0.0004111489382986691, 0.6039177240201326, 3.0, 2.0, 11.338631265982285, 2.3712751048847682, 2.469990467204808, 60.0]}