{"n_a": 42, "n_d": 63, "n_steps": 2, "gamma": 1.0897035566482205, "lambda_sparse": 0.008798436864916064, "momentum": 0.15553372044412386, "n_shared": 4, "n_independent": 4, "loss_function": "VSLossMDR", "solution": [42.0, 63.0, 2.0, 1.0897035566482205, 0.008798436864916064, 0.15553372044412386, 4.0, 4.0, 2.877370889379395, 1.4607232426760908, 4.733996388978795, 360.7558899217118, 1.499646987365331]}