{"n_a": 28, "n_d": 46, "n_steps": 1, "gamma": 2.995404094977097, "lambda_sparse": 0.007618042797937842, "momentum": 0.12746420919203444, "n_shared": 1, "n_independent": 2, "loss_function": "VSLoss", "solution": [28.0, 46.0, 1.0, 2.995404094977097, 0.007618042797937842, 0.12746420919203444, 1.0, 2.0, 2.6328923332964687, 1.2610919663418603, 4.977740376441263, 104.87925750566751]}